ALFA ROMEO,АЛЬФА РОМЕО
ALFA ROMEO,ALFA_ROMEO
ALFA ROMEO,ALFAROMEO
BMW,БМВ
DOLZ,ДОЛЗ
ASVA,АСВА
DENSO,ДЕНСО
NIBK,НИБК
KILEN,КИЛЕН
GATES,ГЕЙТС
MEYLE,МЕЙЛЕ
DELTA,ДЕЛЬТА
JUST DRIVE,JD
HINO,ХИНО
HINO,HI
NTN-SNR,SNR/NTN
NTN-SNR,SNR
NTN-SNR,NTN
FEBI,ФЕБИ
KYB,КИБ
KYB,KAYABA
KYB,KYB/KAYABA
TYG,TYG1
SACHS,SACHS-АМОРТИЗ
SACHS,SACHS (СЦЕПЛЕ
SACHS,САКС
SACHS,SACHS (АМОРТИ
CHAMPION,ЧЕМПИОН
IMPERGOM,ORIGINAL IMPERIUM
SAKURA,САКУРА
MAZDA,MAZDA OIL
MAZDA,MZ
DAIHATSU,DH
ISUZU,IS
HONDA,HONDA OIL
HONDA,HO
HONDA,ХОНДА
MITSUBISHI,MITSUBISHI ELECTRIC
MITSUBISHI,MC
MITSUBISHI,MMC
MITSUBISHI,MITSUBISHI OIL
MITSUBISHI,МИТСУБИШИ
MITSUBISHI,МИЦУБИШИ
MITSUBISHI,МИТСУБИСИ
MITSUBISHI,МИЦУБИСИ
MERCEDES-BENZ,MERCEDES-BENS
MERCEDES-BENZ,MERCEDES‑BENZ
MERCEDES-BENZ,MERCEDES BENZ
MERCEDES-BENZ,МВ
MERCEDES-BENZ,MERCEDES
MERCEDES-BENZ,МЕРСЕДЕС
SUBARU,SU
SSANGYONG,SSANG YONG
FORD,FO
FORD,FORD EU
SUZUKI,SZ
VOLKSWAGEN,VW
VOLKSWAGEN,VAG
ADVICS,АДВИКС
BREMBO,БРЕМБО
CTR,СТР
TOKICO,ТОКИКО
AISIN,АЙСИН
AJUSA,АДЖУСА
ASHIKA,АШИКА
ATE,АТЕ
BERU,БЕРУ
FEBEST,ФЕБЕСТ
LUK,ЛУК
FAG,ФАГ
INA,ИНА
BOSCH,BOSH
BOSCH,BOSCH АККУМУЛ
BOSCH,BOSCH.
BOSCH,БОШ
SWAG,СВАГ
OPTIMAL,ОПТИМАЛ
NISSENS,НИССЕНС
TSN,TSN/TSITRON
GMB,ГМБ
NIPPARTS,NIPPARTS B.V.
MANN,MANN-FILTER
MANN,MANN+HUMMEL
ACDELCO,AC DELCO
ACDELCO,AC-DELCO
ACDELCO,ACD
NGK,НЖК
ZF,ZF PARTS
ZF,ZF TRADING GMBH
AVA,AVA COOLING SYSTEMS
AVA,AVA QUALITY COOLING
AVA,COOLING
FILTRON,ФИЛЬТРОН
RUVILLE,РУВИЛЬ
CONTITECH,КОНТИТЕХ
OSRAM,ОСРАМ
LYNXAUTO,LYNX
JAPANPARTS,JAPAN PARTS
KOLBENSCHMIDT,KS
FRAM,ФРАМ
SIDEM,СИДЕМ
ROADHOUSE,ROAD HOUSE
ALCO,ALCO FILTER
ALCO,ALCO FILTERS
OPTIBELT,ОПТИБЕЛТ
TP,TPR
TP,TEIKOKU PISTON RING
TP,TEIKOKU
TP,TEIKOKU PISTON RINGS
NOVLINE,НОВЛАЙН
AUTOTECHTEILE,AUTO TECHTEILE
HERTH+BUSS,HERTH_BUSS
HERTH+BUSS,H+B JAKOPARTS
HERTH+BUSS,JAKOPARTS
HYUNDAI KIA,HYUNDAI/K
HYUNDAI KIA,KIA\HYUNDAI
HYUNDAI KIA,HYUNDAI/KIA
HYUNDAI KIA,HYUNDAI KIA OIL
HYUNDAI KIA,HYUNDAI-KIA
HYUNDAI KIA,HYUNDAI/KIA MOBIS
HYUNDAI KIA,MOBIS
HYUNDAI KIA,KIA/HYUNDAI
HYUNDAI KIA,HYUNDAI / KIA
HYUNDAI KIA,HYUNDAI
HYUNDAI KIA,YUNDAI / KIA
HYUNDAI KIA,KIA
GENERAL MOTORS,GM
GENERAL MOTORS,GENERALMOTORS
GENERAL MOTORS,CHEVROLET
GENERAL MOTORS,DAEWOO
GENERAL MOTORS,CHEVROLET/DAEWOO
GENERAL MOTORS,OPEL
KAVO PARTS,KAVO
KAVO PARTS,KAVO_PARTS
VICTOR REINZ,REINZ
SH AUTO PARTS,SH AUTOPARTS
SH AUTO PARTS,SH
MINTEX,МИНТЕКС
TEXTAR,ТЕКСТАР
MV PARTS,MV-PARTS
MV PARTS,MVPARTS
JS ASAKASHI,JS
JS ASAKASHI,JS ASAKA-SHI
GREAT WALL,GREATWALL
AP,API
AP,AP/API
ZIMMERMANN,ЦИММЕРМАН
SANGSIN BRAKE,HI-Q
SANGSIN BRAKE,SANGSIN
PARTS-MALL,PARTS_MALL
PARTS-MALL,PMC
PARTS-MALL,PARTS MAL
PARTS-MALL,PARTS MALL
MARUICHI 156,1-56
MARUICHI 156,1-56_MARUICHI
MARUICHI 156,1-56 (MARUICHI)
MARUICHI 156,MARUICHI
AUTOFREN SEINSA,SEINSA AUTOFREN
AUTOFREN SEINSA,AUTOFREN
AUTOFREN SEINSA,SEINSA
CS GERMANY,CS
MOTORPRO,MOTOR PRO
GLO,ГЛО
SPIDAN,SPIDAN (GKN)
SPIDAN,GKN-SPIDAN
FRI.TECH.,FRI.TECH
LUCAS TRW,TRW-LUCAS
LUCAS TRW,LUCAS___TRW
LUCAS TRW,TRW
LUCAS TRW,LUCAS
LUCAS TRW,LUCAS/TRW
HUCO,ХУКО
SIEMENS VDO,SIEMENS
SIEMENS VDO,VDO
VARTA,ВАРТА
BFGOODRICH,BF GOODRICH
LAND ROVER,LANDROVER
LAND ROVER,LAND ROVER
LAND ROVER,LAND_ROVER
PEUGEOT CITROEN,CITROEN
PEUGEOT CITROEN,PEUGEOT/CITROEN
PEUGEOT CITROEN,CITROEN / PEUGEOT
PEUGEOT CITROEN,CITROEN/PEUGEOT
PEUGEOT CITROEN,PEUGEOT / CITROEN
PEUGEOT CITROEN,PEUGEOT
MAHLE KNECHT,KNECHT
MAHLE KNECHT,KNECHT (MAHLE FILTER
MAHLE KNECHT,MAHLE___KNECHT
MAHLE KNECHT,MAHLE
MAHLE KNECHT,KNECHT/MAHLE
LEMFORDER,LEMFÖRDER
LEMFORDER,LEMFOERDER
LEMFORDER,L-LEMFOERDER
CLEAN FILTERS,CLEAN FILTER
ОРИГИНАЛ,<>
LOEBRO,LOEBRO (GKN)
LOEBRO,GKN (LOEBRO)
LOEBRO,LOBRO
LOEBRO,LÖBRO
NISSAN INFINITI,NISSAN
NISSAN INFINITI,INFINITI
BEHR HELLA,BEHR
BEHR HELLA,BEHR-HELLA
BEHR HELLA,HELLA
LESJOFORS,LESJEOFORS
LESJOFORS,LESJÖFORS
TOYOTA LEXUS,TOYOTA
TOYOTA LEXUS,LEXUS
TOYOTA LEXUS,TOYOTA / LEXUS
VALEO SWF,VALEO
VALEO SWF,SWF
ABA AUTOMOTIVE,ABA
